,A,B,C,D
2000-01-01,-0.7841555387092028,0.5371228406891796,-0.6040845221485388,-0.033274080852026586
2000-01-02,-0.8977754115172619,-1.1344807427585515,1.2587867108092388,0.2386406507826223
2000-01-03,-1.205005617473252,-0.33383952447854737,0.1689616930744744,1.7189800482290623
2000-01-04,-2.119987090788313,-1.9344121257323499,1.600047139016565,1.0095637723876245
2000-01-05,-2.236932658843564,-2.605677715443641,1.4606218785793446,1.2623004167682097
2000-01-06,-2.712625045165302,-2.738565197852462,2.9329198334459834,4.196322085955379
2000-01-07,-2.3850198153215887,-1.9063052977909225,2.697651591018336,5.155257705245174
2000-01-08,-4.04889769680863,-1.3557848841300497,3.2369015465671387,4.620582917291101
2000-01-09,-2.989981869456172,-1.2810400613196296,3.7769230014902213,3.1079978985370067
2000-01-10,-1.4330736440311462,-1.362309420288713,4.893335468575331,4.972008111739119
2000-01-11,-0.2672245324909246,-2.315713842795304,4.591168227042998,4.1848717563044415
2000-01-12,-0.25761742234027707,-3.025594345953443,5.0222290595691055,5.794195205703837
2000-01-13,0.0006128339004911609,-2.3286034677392107,4.211120249926879,4.566875658812365
2000-01-14,-1.3961668350358336,-2.244700094671155,4.213129740289096,5.021045819490304
2000-01-15,-0.9895954960592643,-2.2426351234141237,4.017217123468557,4.826735415351821
2000-01-16,-2.1708803027356045,-2.7134393758184077,3.1373249655580158,6.494511673679041
2000-01-17,-2.8808082828403285,-3.1636470877160705,3.1231997050225178,6.068209011635053
2000-01-18,-0.777738459209627,-1.4136229595049874,3.1814256246157204,6.021276413595571
2000-01-19,-0.4497487563490195,-1.0177804477653907,3.021464856995508,6.140046617192381
2000-01-20,-1.1661822372968296,-2.603275237003606,1.5650675480869771,5.55687905050252
2000-01-21,-0.7522876626292175,-2.789525954614182,1.185424824966387,5.05463170746033
2000-01-22,-1.2036244531973017,-2.2752598637981696,0.8528846589445298,4.173625232229083
2000-01-23,-0.8756161076024882,-1.70288239355838,0.15663614704660977,3.9143724990869173
2000-01-24,-0.29672300208122404,-2.4737886430842053,1.3350636564044598,2.847862283977048
2000-01-25,-1.0402626399538968,-2.6268970011755712,1.4919539200668608,1.9038856256374788
2000-01-26,-1.7022083266152397,-1.8892051553995817,0.15987141891935397,1.438121645280743
2000-01-27,-1.0939575133808208,0.08094261551811344,-0.9764073189036266,0.8871994391578064
2000-01-28,-0.7256563220947527,-0.27274173690598286,-2.3523452768514206,-0.715133966990424
2000-01-29,-0.8224041937865493,0.9141581167942532,-2.2514906348188344,0.3600630075528064
2000-01-30,-0.65833233850076,2.3277786914170964,-1.5639046499566802,-2.0262835737101375
2000-01-31,-1.150997464243364,1.1630945265967174,-2.2301614488485155,-1.353462989712514
2000-02-01,-0.35300776018382474,0.13072924233414462,-2.099639818158816,-1.2890273483777226
2000-02-02,-0.17453432730842047,3.321301229436995,-3.017503892187894,-1.448123099681982
2000-02-03,-0.1335638108004212,3.8327851099378267,-2.795502344267317,-0.9764159059522622
2000-02-04,0.7682048696494275,5.9466369019874445,-4.378241344103715,-2.2785159607697425
2000-02-05,2.141450077908681,4.897936886545768,-5.079661545606547,-2.8868678329206974
2000-02-06,0.9079602628232744,5.2928487736351,-6.033547407447432,-3.799114524958877
2000-02-07,1.24900075084934,4.442533549554795,-5.7226646063753694,-6.031226571256545
2000-02-08,0.10903363047961889,5.564325158932069,-6.64633578518557,-5.1768551069123605
2000-02-09,0.22480183918035485,6.815092785610321,-7.11546208533018,-3.6359819246343585
2000-02-10,1.3873986287356344,5.417352170150961,-7.3963381344530355,-4.879908014721297
2000-02-11,1.5921577785990055,6.0442169736424285,-8.189712715827184,-5.741653411001575
2000-02-12,1.339019671155954,7.398167824630749,-7.92954448033305,-5.587915665157642
2000-02-13,2.0986693105634187,8.732449350434722,-7.74976491532398,-4.700858334347159
2000-02-14,3.7925917535599227,7.936831564082568,-8.739320157076563,-4.66861318974574
2000-02-15,3.820527037355371,9.264468759369379,-8.90784555932566,-3.9655355306121205
2000-02-16,3.7545717562672376,9.284536447636512,-8.231109526286918,-5.2475228623419135
2000-02-17,3.654196052473945,10.863268672461789,-8.725043937172543,-4.442141064698304
2000-02-18,3.2548928666761006,11.771405555280774,-8.171775275805157,-4.41346435527381
2000-02-19,3.6897486748902377,9.10035694257147,-8.80210387067429,-6.741851534104898
2000-02-20,5.0884904291945805,11.824762924581675,-8.627491593947722,-5.924092979306391
2000-02-21,6.044839499702755,12.058532666568972,-7.018466270940146,-5.996157550794671
2000-02-22,3.8992660946607134,12.142157207432211,-8.004974122809006,-5.865334935018533
2000-02-23,4.737191167220251,11.406458384697748,-6.951759238271025,-6.250310694658718
2000-02-24,4.421389333456424,12.32800295221181,-6.702884229990293,-7.811271354684013
2000-02-25,5.768627880648181,13.0194952752368,-7.0150190705751605,-5.618027709101534
2000-02-26,6.800206617123177,12.22709775070443,-5.567640586593621,-6.3690200211013375
2000-02-27,6.587549217006567,13.818216930298629,-5.598609772241617,-5.6502442655127805
2000-02-28,5.912977199732134,14.788091097838898,-4.470439646745014,-7.555926735414705
2000-02-29,5.568475042546377,13.351651817569298,-4.3706971522246825,-7.622568615338316
2000-03-01,5.562111716604599,12.516425276012164,-5.980462393339139,-9.350705690031196
2000-03-02,5.303817543925108,12.747478709786463,-5.761705462379389,-7.810623055544397
2000-03-03,4.285211475037191,13.058191745206146,-6.5857022458588155,-6.757653524909459
2000-03-04,4.089301477082202,12.706960916489027,-6.111055404061798,-7.274384588413929
2000-03-05,7.216087242008076,12.396208637433944,-5.845518193317522,-7.558924317332443
2000-03-06,7.218850000330579,13.78087412546867,-4.456843928832485,-6.928704564256394
2000-03-07,6.958206082817271,13.31320277282104,-3.7396989634851936,-7.092443710492621
2000-03-08,8.385895977045127,12.921614664989594,-4.5811545026349245,-5.305778029642543
2000-03-09,7.867793521118467,13.786920742468531,-5.807136484079194,-6.075309002232054
2000-03-10,8.520003503196802,12.91449206558568,-4.710060030004295,-5.4722385391999815
2000-03-11,8.109742517837228,11.660887366129174,-6.027960721749702,-6.814004062651725
2000-03-12,8.302166427426778,11.47007356721255,-6.368848038769361,-7.369594404957786
2000-03-13,7.724918587446956,13.251695253586675,-6.093558128581737,-9.753757882300768
2000-03-14,8.445667741648741,13.563304018235248,-6.087374253161694,-11.294656694940224
2000-03-15,8.345533542357268,12.165528002782708,-6.706692889506783,-12.442755386411685
2000-03-16,7.266676290409592,11.565026794904984,-9.27420124674555,-11.319335895006846
2000-03-17,6.702136361969635,12.283102309684695,-8.788550701468303,-10.284654470139394
2000-03-18,6.116913068748699,12.130760141346148,-7.6082675546277425,-12.173751662891323
2000-03-19,5.427908771460795,14.562512832796916,-7.956571301656234,-12.054589095861965
2000-03-20,6.441724063489004,13.083774764607927,-8.617258494221977,-10.944993676870933
2000-03-21,6.863138455404552,13.68152033554765,-9.123119994452116,-9.781361181600216
2000-03-22,7.081070599334282,14.853714174180283,-8.94850971076233,-9.834419146910667
2000-03-23,7.296005379530118,16.92850912699964,-8.663426550727257,-9.017951328655432
2000-03-24,6.075459160795499,16.685819364925838,-8.775336968498529,-10.903195932782554
2000-03-25,5.289309155112021,16.199144822800655,-9.56691152757826,-10.69482994963958
2000-03-26,4.526267657030327,15.934894256515516,-9.791549206561806,-11.47174115751209
2000-03-27,5.34479149468231,15.880881521104927,-10.818717363940339,-11.862265560636718
2000-03-28,5.971875687319404,17.593822316887795,-11.205339445466375,-13.551885167549365
2000-03-29,6.5019437122385915,17.851276508210375,-11.071615696534302,-14.0044366294794
2000-03-30,5.516457749436681,16.619033665011017,-13.373311652929436,-14.663618457511893
2000-03-31,4.3841701197522305,15.118450671688699,-13.108607821901032,-15.319640447674729
2000-04-01,4.697195373179542,14.115176478012703,-13.427490417776527,-16.123293920420927
2000-04-02,4.588521936764209,12.62689552461216,-13.100663607416198,-17.22396643310398
2000-04-03,5.3667057377222225,11.635514701441497,-14.613786282829043,-15.423310786863075
2000-04-04,5.33514727154273,10.928376938286673,-15.410062121711329,-15.269463676746534
2000-04-05,4.405791913436135,11.83526878943013,-16.668333126602175,-15.62828887317315
2000-04-06,5.403145945190935,11.879873420058715,-16.433709003006935,-15.247475735922768
2000-04-07,4.9504436483041365,11.141086182341255,-16.09646469580885,-15.964643960157549
2000-04-08,5.8903383309127975,9.86685691484866,-17.240765240424665,-15.475339055700958
2000-04-09,8.187283253456222,8.86850835546363,-15.968882218017896,-15.16864445406117
2000-04-10,9.440389862575081,8.74116822077594,-16.85182276547791,-15.670337091187788
2000-04-11,7.411507984760473,9.52332053889911,-14.864576193599676,-15.177177247427663
2000-04-12,5.538191385606902,9.447848831662643,-12.11333151809254,-15.59349954657164
2000-04-13,5.079930243555554,9.94481991673065,-10.67443106863049,-15.671290751275976
2000-04-14,4.188854193016764,9.440951663238344,-10.948009217878074,-15.70481795558843
2000-04-15,3.6301720713834706,10.76047047816457,-11.435248915401273,-17.147066396535937
2000-04-16,2.696256528372129,9.483580917407032,-11.424978663683234,-19.011914736929665
2000-04-17,1.0904474112288742,9.066625117893226,-12.236341522522633,-20.1836337115925
2000-04-18,1.658058346591209,10.044681949991785,-12.350169893994174,-19.732301896789895
2000-04-19,1.5541436093432008,9.595883227736048,-10.837947042181426,-19.90877869178876
2000-04-20,3.5276716899686735,10.015889581890082,-11.46393869387148,-18.929513714738167
2000-04-21,4.621713552154499,10.541959211507407,-11.436548490192761,-20.96232815833779
2000-04-22,3.5390570621014104,10.05774594156647,-13.242554308766302,-21.369583485747427
2000-04-23,3.7052038022529836,10.59001646611005,-12.794757339776238,-21.078530672094274
2000-04-24,4.038115807136844,9.584857592583893,-15.157935438964689,-19.472587175051796
2000-04-25,4.432975206759775,8.39804359276188,-15.244015884403662,-16.86617715059615
2000-04-26,5.2622636865845305,10.229275587778556,-16.459544035809976,-17.761261148388204
2000-04-27,5.358540984905591,10.33712976099085,-16.9914455886636,-17.684689944690895
2000-04-28,5.88801203439089,9.870818929547408,-16.71811949719422,-16.945983537548386
2000-04-29,4.2021054741207085,9.238715700189372,-16.10465206379772,-16.542574133388083
2000-04-30,5.0008383053470205,7.6583300942775026,-16.709178811472768,-17.907658229537812
2000-05-01,2.579629677598491,8.6801582238027,-18.661244815173337,-17.704593389517527
2000-05-02,1.346103438204105,10.75848543816037,-17.564803815353482,-17.07805208191127
2000-05-03,1.436525177850088,10.157261219576906,-16.8254228852782,-16.989425057463148
2000-05-04,0.5631770520358389,10.248913013048657,-17.05649754388701,-19.629105195589993
2000-05-05,1.4636221985220281,10.154006105202578,-16.44604219666801,-18.679802050415653
2000-05-06,0.17745320042384094,12.151756126719464,-15.174369147216971,-18.61138467693612
2000-05-07,1.0038619917699254,12.000733895793406,-13.90359233874764,-18.22010609567875
2000-05-08,1.4091836088123415,13.256798847666852,-14.1883335023846,-17.337934734970606
2000-05-09,1.6231461739705335,13.417383062291513,-12.055964494130553,-17.56391776933035
2000-05-10,0.603825549478298,14.059598613917855,-12.2444035766033,-17.132206452100217
2000-05-11,-0.507332390230441,12.456884924185971,-12.100635847636154,-17.558160278572096
2000-05-12,-0.4573020360008664,12.302970982823487,-13.031300979561049,-19.025391493332027
2000-05-13,0.9271150474597216,12.769419740541878,-11.982486579267212,-18.563753050522322
2000-05-14,1.6069050229937507,14.312091439928045,-11.957121373006707,-17.784557124921214
2000-05-15,3.050890850358443,14.633856123706755,-13.189070723513586,-18.93352093375024
2000-05-16,2.9207554859425806,15.93225962048574,-12.402987403583827,-18.519224963001154
2000-05-17,3.625162014915168,15.871578396397627,-11.50234761208516,-18.9661011799667
2000-05-18,3.6440576768026074,17.527720023960935,-11.139287619247108,-18.42275707186824
2000-05-19,3.224115296835083,18.65981464800297,-9.509594538574989,-18.161324497854313
2000-05-20,5.14740106818725,18.047995230715376,-7.779652386988759,-18.51543341148476
2000-05-21,5.292081434029673,19.54841224677312,-7.453878326792044,-19.508739615220797
2000-05-22,5.62852207549438,18.579327520770395,-9.125311778123528,-20.222196607048886
2000-05-23,5.602112207115035,18.836749338547314,-8.399130168372201,-20.941965054294105
2000-05-24,3.842585988379292,16.906121002738974,-9.049006867687359,-20.773395650325433
2000-05-25,3.4181021056129897,16.557453965457015,-10.12096448310359,-21.168918840930242
2000-05-26,3.5462290967266936,17.895852237219717,-9.724517962262643,-21.38458499988979
2000-05-27,3.5062294467784096,16.66548270032772,-9.239164905648632,-21.487080410339832
2000-05-28,1.5874444054135373,15.643276616949834,-10.906058067974666,-20.616529969966326
2000-05-29,2.937996442158285,15.407632443576405,-11.089678443619748,-20.11297586821455
2000-05-30,2.1798774174921816,15.323956778174033,-11.570309295390029,-20.913199960937316
2000-05-31,1.097520858565116,14.869002053146195,-11.0739697998492,-20.899362129621696
2000-06-01,0.39205660376671425,13.737922707723023,-11.609105305029338,-20.41590460741647
2000-06-02,-0.35355997569617637,13.435652081348735,-11.220568877037321,-20.58568040014716
2000-06-03,-1.9238357814195006,15.261304640661386,-10.974483199646187,-22.170342440526387
2000-06-04,-1.6970529119650686,15.563992166221452,-9.70915941658923,-22.53244053994647
2000-06-05,-1.0183256225138593,16.881853321180007,-8.62012613711908,-24.83141601718328
2000-06-06,0.017120177298946437,17.35232204379421,-7.634927244268376,-25.97433698397261
2000-06-07,0.9935444466906292,17.284393335751542,-8.077929139893618,-26.710423115789602
2000-06-08,0.8861774076602167,17.871333778698467,-6.026828261585227,-27.023010533195627
2000-06-09,1.7181277404266737,18.262164381339257,-7.2062792363255035,-26.16380384447237
2000-06-10,1.5330430305249776,18.558727583118536,-7.871430823793618,-25.50981997787337
2000-06-11,1.3289692358438139,18.65680416793605,-8.870402333684657,-26.76245883339548
2000-06-12,1.5700515983263008,17.935663472887146,-9.085807422743086,-25.80010361528248
2000-06-13,1.8432177583961216,16.77407133037496,-10.637050265965284,-24.415045805213587
2000-06-14,2.300757885491313,16.462133014484802,-11.429768331911687,-24.515489611344375
2000-06-15,2.1261757470112985,16.727060624033392,-10.63494820376458,-22.375188335232544
2000-06-16,2.5412910492758143,16.541097931494722,-11.141054991534135,-23.822742146418477
2000-06-17,2.7480625303965844,16.350547300155913,-12.492394027114734,-22.440269283074997
2000-06-18,2.155902437848596,15.584279052317802,-14.537871308756625,-21.475678905465994
2000-06-19,1.1001060917919596,15.956630125871667,-15.086874662546053,-21.447138843362666
2000-06-20,0.16950097153817856,15.814536665899725,-15.568153663460771,-19.866110226515172
2000-06-21,-0.4761210072717652,14.926488330304364,-15.89100167336649,-20.283358424759278
2000-06-22,0.07568384007737317,15.077623767354813,-13.991058040834384,-19.83999205772156
2000-06-23,-1.4520776870360617,13.389447090418248,-12.987749637798585,-21.414668187043848
2000-06-24,-0.5694699191250121,14.37490292408689,-13.40656571800195,-23.335698474930954
2000-06-25,1.2645339511838707,14.599680702628602,-13.141903473301323,-23.17756471171268
2000-06-26,1.683824634455374,15.617530085075707,-13.724871098125867,-23.693669147482396
2000-06-27,1.214139192857945,15.27733765264902,-12.215245997445896,-24.413579961725006
2000-06-28,1.7410348317269047,15.461449986649672,-10.907449076973608,-25.641480721914814
2000-06-29,1.340321816372393,13.906324455941178,-10.185302689288745,-26.564977717878108
2000-06-30,2.1031516922285363,13.802050179452568,-10.526137484483925,-26.82174494335746
2000-07-01,1.4205439728253078,13.753601180723008,-9.561625074505805,-25.96093246286819
2000-07-02,3.0744287944916016,14.033725574045206,-8.5705946323311,-26.27338465194248
2000-07-03,3.2156343855417306,12.379192328396933,-9.21752176248618,-26.87485304272196
2000-07-04,2.803244114446858,13.207563377198873,-9.764014867252063,-24.622181576925282
2000-07-05,3.1676063054515007,13.51397070843075,-9.727783874174383,-25.10766633260797
2000-07-06,2.1392197946842932,14.121236159238533,-10.57069293572335,-24.53582396107096
2000-07-07,0.25422440766669996,14.216614404758982,-11.681045021575853,-24.336727928625688
2000-07-08,1.2015694769176983,15.300973804597152,-11.43173247987068,-23.4892760612166
2000-07-09,1.1694627883719386,15.704341208081756,-10.839941619338147,-25.46514684389147
2000-07-10,0.2952440796187352,15.209154632433902,-11.628376439396797,-24.5101560452292
2000-07-11,-1.2096749126327004,15.095434096143673,-12.520574829422099,-26.332307633093393
2000-07-12,-1.4303890104407329,15.236888534893053,-14.835318135259463,-26.678575687739848
2000-07-13,-1.2953331822639442,15.198171704012864,-14.935103144602222,-26.310431813502547
2000-07-14,-1.446485674564844,15.715637821532221,-13.650739648445594,-25.767046444340146
2000-07-15,-4.29259912836774,13.868937458352256,-14.461307466050075,-24.142163722808096
2000-07-16,-4.65951256169968,12.507474546102051,-15.897264713011621,-24.258543429993303
2000-07-17,-6.1028951810972645,13.997824013042596,-17.120532625774757,-25.261451527647313
2000-07-18,-7.017421630912359,13.165091053212622,-16.780692514847882,-25.02210619907182
2000-07-19,-6.5118479626947705,13.7962581970787,-14.88569785506871,-24.78213084831587
2000-07-20,-9.674881965420855,14.024440996797544,-15.998107443953057,-26.019171186007753
2000-07-21,-8.31787610658757,14.379402064484816,-16.623798902047312,-24.480128528006414
2000-07-22,-10.008129313041952,14.770284290214244,-16.211941950254324,-26.183245300780154
2000-07-23,-8.837523242885412,13.569470529575694,-15.0332345665237,-27.231220660355465
2000-07-24,-7.723979375876711,13.90240995333294,-15.676912073870884,-28.770785659071212
2000-07-25,-6.2151053750972975,13.86422892496418,-15.034465742299162,-28.221604296722624
2000-07-26,-5.513617169370582,13.01599272509186,-13.314947514069832,-29.364205242833776
2000-07-27,-5.1782290167248695,12.685107042899038,-13.547644843920086,-29.629045675517105
2000-07-28,-5.630221231411574,12.587191796990924,-13.904531701867171,-29.673127588346055
2000-07-29,-4.913892727524723,12.028978002191169,-10.862087923004927,-28.788080512639944
2000-07-30,-4.9826939803075785,13.424276503621625,-11.702842882913625,-26.752975587839508
2000-07-31,-4.970934265780031,13.876404812621775,-10.585934780576917,-25.87838675717274
2000-08-01,-5.009487050347266,12.933438206627907,-10.930779127761816,-25.841896464465737
2000-08-02,-5.331647773360783,13.964921372802204,-10.186435821672934,-25.845621227581823
2000-08-03,-4.158379113485526,12.107893108047168,-9.471766922882106,-26.438936779933663
2000-08-04,-3.2442226537545102,11.04378901231253,-9.913291570818544,-26.59999685381311
2000-08-05,-2.917350318640795,10.171961475475042,-8.910604544920648,-26.71925507875108
2000-08-06,-4.042731601165227,10.974496312423353,-8.932343372819352,-27.457834443902488
2000-08-07,-4.047696104989233,12.023688428873438,-8.955516854152052,-28.944234212999476
2000-08-08,-2.889142308935134,12.06250610493686,-9.281630040969766,-30.607416072952503
2000-08-09,-2.241543712178765,13.028144688044907,-7.935484838010814,-30.300987312572953
2000-08-10,-2.500621788671242,13.44436581544899,-7.339666935612779,-30.925033405870774
2000-08-11,-2.580292500104224,14.00245534083979,-8.110247246770697,-31.07303352922012
2000-08-12,-2.523771925834701,14.304736268634306,-8.005359367771684,-30.985810935344826
2000-08-13,-2.1478410370390026,14.642178786107461,-6.199327380317401,-30.535176174202558
2000-08-14,-3.17646638169142,15.721557992740093,-6.48271112093713,-30.221652487595232
2000-08-15,-4.902608767163587,15.96718168342115,-6.074940538101048,-31.5330791118788
2000-08-16,-5.847316299987711,16.367370099850085,-5.246806673271378,-31.709682836224236
2000-08-17,-4.805779253140504,17.767176210923378,-3.491910699113917,-31.375805135531703
2000-08-18,-6.137241969456133,18.83011639401748,-3.2715521218935066,-30.476078511155887
2000-08-19,-4.84529099486545,17.974701713504718,-2.981833261796819,-30.616088348185382
2000-08-20,-5.2773449101457555,17.60908144529546,-2.4010416192108086,-30.69131269743506
2000-08-21,-4.598052053649615,18.33962874273152,-3.4651466645027673,-30.795593952692148
2000-08-22,-5.580027450060633,18.146220325626743,-4.597027671013468,-31.28247324046057
2000-08-23,-5.051484623961411,17.257126351100737,-5.214733381688625,-31.976480575172662
2000-08-24,-2.794193373606461,18.048236737087898,-3.5417882680424446,-32.64296900896425
2000-08-25,-4.535001912339075,16.669916088950036,-5.32485208226746,-32.32199703509388
2000-08-26,-4.631014432615836,16.917030566096702,-5.348236762613623,-31.563715746451628
2000-08-27,-4.736934893861685,16.82352647433141,-6.174615079931077,-30.742180073496463
2000-08-28,-3.776943976327228,15.85138529338721,-5.402657609624673,-30.255495359225115
2000-08-29,-5.917376273787179,16.509664843221383,-2.016730450251345,-30.759234798463705
2000-08-30,-5.632261985004648,15.142087672951474,-2.9895598282516263,-31.602496725030296
2000-08-31,-5.686684072802113,14.311678040857364,-2.199053229888318,-30.55972359431948
2000-09-01,-4.243609829038823,15.93205999648768,-1.1728429608315314,-30.533609056824105
2000-09-02,-4.6323661536858385,14.73483920768727,-0.08938963741163297,-31.568358265323788
2000-09-03,-4.08410296428577,16.50229429500167,-0.39875939180821174,-31.54851366381389
2000-09-04,-5.385621614595944,15.93272425764406,-1.177617647711045,-31.77060146824386
2000-09-05,-6.180823709416124,15.561256896925276,-1.1674303038106268,-31.970716876418987
2000-09-06,-6.634516357804323,14.732132260185304,0.06237353675198554,-30.719849014570745
2000-09-07,-6.827111096034551,15.074148172931023,1.269359670911021,-31.895249446955336
2000-09-08,-5.9509194527375175,15.566153443649963,0.505338208861758,-30.52283177627552
2000-09-09,-7.363258096521292,15.286824784799682,-0.38793863192717004,-32.04824085923501
2000-09-10,-8.240373603998231,16.5312443177409,0.14369727037554736,-32.360802141977615
2000-09-11,-8.189215801435086,17.00244104545912,2.4456398379287463,-32.50387875463604
2000-09-12,-7.559100349091816,17.658161795515312,3.4911983838048677,-30.89622558818191
2000-09-13,-8.566200597284356,17.241784777546528,3.0851958224721443,-30.816682498545468
2000-09-14,-7.366480430559122,17.640786499303477,2.4544734367183154,-31.064939004215773
2000-09-15,-7.343047802473544,17.87438581588279,3.161542095128544,-31.543645327234273
2000-09-16,-5.161294555377288,18.30706991849436,4.299201348656754,-32.53590400549165
2000-09-17,-6.932618659576098,19.1002979222645,3.358706517924977,-32.99279013498805
2000-09-18,-5.581702739905862,16.064350935290342,2.1842812220344165,-34.24963195289989
2000-09-19,-5.44819330101061,16.26847048804632,0.4659370987873843,-35.44948729106942
2000-09-20,-5.96971543803578,17.126002558949466,-1.6433891626151267,-34.888252986837
2000-09-21,-4.551659252218522,17.783084886205632,-2.6598520021021397,-35.20115549855463
2000-09-22,-4.671185988710914,15.905725777256214,-1.933017196926459,-34.055186125976824
2000-09-23,-2.6120185764075936,17.192754317978018,-2.826509288770178,-32.00395682574718
2000-09-24,-2.909251992638532,16.547084174052745,-4.770571760101306,-31.886650882775005
2000-09-25,-2.0604521596076992,17.479640395720484,-4.557040683743921,-30.53020349331451
2000-09-26,-1.6390582312383861,18.63703247016727,-4.723137054021609,-29.814581077789434
2000-09-27,-0.6990421504284502,19.3019929138323,-4.073398245600967,-30.590680477380108
2000-09-28,-1.168934961484117,19.360944701526137,-4.1690656940387,-30.768280706440585
2000-09-29,-1.9722365518711573,20.128334694767933,-4.69602365763859,-29.667777072370303
2000-09-30,-1.2955753904780491,21.300470059445825,-4.833317736667311,-28.337210148175135
2000-10-01,-1.7681414898255987,21.162721657147575,-4.495564638726158,-28.66423164498679
2000-10-02,-1.0850147324735284,20.13295060571287,-5.111138380419878,-27.12076788900175
2000-10-03,-1.825524039015891,20.152053117740756,-6.520171419409068,-28.25446657408247
2000-10-04,-1.0782668862669254,20.2425370909624,-6.670493906985852,-29.435481679404507
2000-10-05,0.3093247654172282,21.614770337489574,-7.107170338053235,-29.436516592106805
2000-10-06,-0.8153131917299732,21.009579982060387,-9.177173030488477,-31.305838470617843
2000-10-07,0.24356164553694581,20.631596438131982,-9.078353031595496,-31.504915167555506
2000-10-08,-0.5659289371693237,21.381385245097295,-8.035203945179429,-31.80914350404412
2000-10-09,-0.8367522701679433,20.436786318401364,-7.497088367677621,-30.858600387659262
2000-10-10,-1.2016591961929717,22.042183104727037,-8.618819407374978,-30.94663032411372
2000-10-11,-1.1394087689531645,21.083782245530955,-8.197207577465589,-30.940035856515703
2000-10-12,-0.32494515679006986,21.837150664388282,-9.288119325331278,-30.50545502757548
2000-10-13,-1.4912643920554813,21.54001792480156,-8.036041256191282,-30.67170457460274
2000-10-14,-2.211151211987745,20.9749999965513,-8.234022272670085,-32.34353591122163
2000-10-15,-1.0023032337420439,21.426176421887753,-7.28908501346886,-31.12354341164404
2000-10-16,-1.6353843475897172,20.12953121975745,-6.954161121967007,-31.18376611681039
2000-10-17,-0.9936392714332412,18.639687935701012,-8.918467094640286,-30.857338541453
2000-10-18,-1.3350704206118835,18.385151727168818,-8.222552162454871,-30.52973787666356
2000-10-19,-0.8983605204149222,18.466924111222735,-6.694593698132473,-29.22030143406213
2000-10-20,-3.459805828208732,19.23477265662892,-7.681844425151359,-30.761956434947514
2000-10-21,-2.270110942432372,20.995999359329755,-8.055530163944306,-30.389106824972416
2000-10-22,-1.7450662339090588,21.767313913296896,-10.188216342086351,-30.595973804518408
2000-10-23,-1.3662856209240442,22.78224369554772,-12.195096566336655,-29.206477331936096
2000-10-24,-1.2012279114372675,22.481114199086804,-12.328025946040828,-29.040677818481605
2000-10-25,-1.020621498328064,23.039712289730378,-12.89055455796956,-28.905215971280544
2000-10-26,-1.7770037877127867,23.413384672770185,-12.550628180001494,-28.523301140398818
2000-10-27,-3.6309576712366898,23.934225022512518,-10.603739132930134,-27.515474883138847
2000-10-28,-4.722055932690356,25.26420366594439,-12.892445805838339,-28.34262591137191
2000-10-29,-4.153853704656462,24.754529833842984,-13.550047780111713,-29.22831954326956
2000-10-30,-4.7266146582489394,25.575453931982196,-12.738459364154393,-29.236099983077132
2000-10-31,-6.722211520384597,24.33043561559291,-12.805737113317585,-29.016858424972643
2000-11-01,-6.5228243243140085,25.202641998748003,-13.3888590606653,-29.556066616906882
2000-11-02,-6.069630491868618,26.957236483593142,-14.467833831469637,-31.994551474574006
2000-11-03,-4.305037531627134,26.13522687464881,-15.08140526926998,-32.80623309610057
2000-11-04,-3.928972013122552,27.217444996023804,-14.098313646977859,-31.935418784898946
2000-11-05,-2.9821159342586396,25.691889008359148,-14.179321900158262,-30.639259150241976
2000-11-06,-4.572502409997139,26.475801598877688,-14.608508489851303,-31.234992492670955
2000-11-07,-4.456180747892283,26.048318506784522,-13.757533322570653,-30.85127786938516
2000-11-08,-2.1182452960486544,27.273875496416224,-14.778956376001348,-30.298192668700363
2000-11-09,-0.8770405552125689,29.408495509109606,-13.115680026709828,-30.50831652793382
2000-11-10,0.3803227255702821,30.937807755866015,-13.51683100459619,-30.086105472996177
2000-11-11,0.45643878633158785,33.17143971538316,-14.093699449030467,-30.08701590923167
2000-11-12,2.5460718779225844,34.82727741348938,-13.983793348547831,-30.02452522524121
2000-11-13,2.5367065144329617,37.33554193476047,-13.99136359875118,-27.70202735910547
2000-11-14,3.2548478756815467,37.92223073900809,-14.999974464465435,-28.27059095208832
2000-11-15,3.1761421884128653,39.02368898402372,-13.939960268726498,-28.040857149086783
2000-11-16,2.184578509458891,38.47646178059927,-14.928135402535993,-29.52871225338706
2000-11-17,1.6513840718427044,38.87440157046455,-14.12413683179097,-30.999181542258317
2000-11-18,-0.0405407391533541,38.09756286219852,-14.934793507404573,-29.365426111492905
2000-11-19,-2.2203584292200826,36.95759617710061,-14.010709321981828,-28.534009769595016
2000-11-20,-2.040558001345378,37.88916472262217,-14.13606761634972,-29.9280509356197
2000-11-21,-3.053229739990315,37.135648749163224,-15.099494395829785,-30.440465924356946
2000-11-22,-2.8721608075646388,36.91562525169157,-13.017852167174771,-30.093643621621855
2000-11-23,-2.7557107868106008,37.53223905888591,-13.181209175179978,-30.23813117737741
2000-11-24,-2.1420006238237694,37.45314849451445,-12.13012692608552,-31.161052817464594
2000-11-25,-2.374909144020231,37.43782932607395,-13.229254824980691,-29.206373383218647
2000-11-26,-2.002035803776074,36.296124240383875,-13.752151109052571,-29.06791982654022
2000-11-27,-2.7801197714448187,38.055998530986066,-12.486381422976574,-29.45034348703792
2000-11-28,-3.9972345290456675,37.500668100991284,-12.830127710167167,-28.93136735140839
2000-11-29,-4.002233218134801,36.95692108930804,-13.879553364440435,-28.754332346401696
2000-11-30,-3.568597564014592,37.30650101553737,-13.570814771891104,-29.660395114973095
2000-12-01,-2.1113726577852354,37.48616883317293,-13.506224066572159,-28.016713608353488
2000-12-02,-2.267795245301336,36.38296074205399,-12.166493299665946,-27.849333521806493
2000-12-03,-0.7613890990366114,36.932087376144196,-12.504790973899995,-27.14936508579792
2000-12-04,-1.7999464955184947,38.43426503224677,-11.928505134990209,-26.266662194513675
2000-12-05,-1.875307256543197,36.054728829333634,-12.932161162680572,-26.312264356087976
2000-12-06,-2.85574649105215,35.39572432704566,-13.60878210145944,-26.414846883011077
2000-12-07,-3.0176863143128054,36.416796195334946,-14.469109700717235,-25.49336490849409
2000-12-08,-2.4484549756608107,34.69903436500978,-15.783512727365707,-28.01924040754349
2000-12-09,-1.4476451527409233,33.9270757856255,-14.551073085977407,-28.093990339566798
2000-12-10,-0.36487136941167586,32.71627146758608,-14.630040565278481,-27.026017926694767
2000-12-11,-0.07351534222257744,33.85385473317644,-14.48160078556703,-26.750785914934102
2000-12-12,-0.728947249626821,33.25579107101402,-13.848758315545503,-26.98960407927967
2000-12-13,-0.9961730769887309,33.27950088229454,-13.419748910715912,-26.90646635166699
2000-12-14,-2.8970724950961038,34.08212858142397,-14.36996937283743,-25.54233548631658
2000-12-15,-3.9102934475128666,33.557758979007836,-15.477121078242055,-24.024101300238527
2000-12-16,-4.600998115100552,32.794371681344195,-16.980461592917205,-23.378108870907916
2000-12-17,-4.7763445407718255,31.19321548593971,-15.328365892762365,-23.637343150221803
2000-12-18,-5.253666321638455,30.032977243498905,-16.05297766544618,-25.834090221135476
2000-12-19,-5.658033613568124,29.77081973482453,-17.098512151938003,-25.613291100913703
2000-12-20,-6.283734743998125,29.990786513151647,-18.615217179942313,-23.27359966930951
2000-12-21,-6.726753826198261,30.919660311576507,-17.88107675446232,-21.80588508871517
2000-12-22,-7.394567930795117,30.44784708320579,-17.837367275785287,-22.70465958312891
2000-12-23,-8.180056741277777,30.484500148932906,-19.041466840198268,-22.326183606918644
2000-12-24,-7.960546621202577,32.54210012429508,-17.606497267697865,-22.130915595249917
2000-12-25,-7.303725398200795,31.52235320198518,-18.6525984032299,-22.61402288298261
2000-12-26,-6.127104166292796,31.02760890470561,-17.919307415404994,-23.938224057346176
2000-12-27,-8.587942416240317,29.719904737782038,-17.819789849616875,-24.387998204121878
2000-12-28,-6.507663707915587,29.31274310328683,-16.8352961132629,-25.838892309716286
2000-12-29,-6.30920763230797,28.935270084627938,-15.898802037391048,-27.156368555884733
2000-12-30,-5.762083341265206,30.281979164024545,-15.267083732613767,-26.78598704411711
2000-12-31,-6.979963576986796,31.318449988940547,-14.420419933045775,-26.48194678302086
2001-01-01,-8.432581139571479,31.770796339853383,-12.391208774844271,-27.02028015311464
2001-01-02,-7.495314108105371,31.512456199786694,-13.10362301858688,-26.50343655295289
2001-01-03,-7.472341074799809,32.235769682457374,-13.436160131181985,-23.900543878994036
2001-01-04,-7.039302825384735,31.74344915708838,-12.31532573811656,-22.5069191723527
2001-01-05,-8.349797040108292,32.30367485724348,-11.738863828409386,-23.48770531812524
2001-01-06,-8.691429183823274,32.70577769668755,-13.025284980961946,-21.933541031009202
2001-01-07,-8.361263166430259,31.94027233026006,-13.416418409907271,-20.144464329414603
2001-01-08,-7.060413123699021,31.926060709983055,-13.59873396032212,-19.707952562282976
2001-01-09,-5.720506109007877,33.843819989957154,-13.904566146475085,-18.68417921081439
2001-01-10,-5.041239357827937,34.3360651838582,-15.468064195544764,-18.48392364112312
2001-01-11,-4.890316198423217,35.137520638897776,-16.446892571750396,-19.444356682059105
2001-01-12,-4.208290518052841,34.73144852667777,-16.34997862769573,-18.68795733932983
2001-01-13,-4.818045136495673,34.51023434419474,-16.90540401294941,-18.583644994391662
2001-01-14,-4.491608844037006,33.60232760764318,-16.68022452594501,-18.89757971574969
2001-01-15,-3.777313355433246,32.56868437503151,-16.73711444136717,-18.394266767426725
2001-01-16,-4.499933607990429,34.28778254834247,-15.844621770461341,-19.819097314405052
2001-01-17,-4.316504090717258,35.028483866602535,-14.27791925775398,-18.64829051243815
2001-01-18,-3.807225456451579,33.44658733445313,-14.735922439983266,-18.315435812313805
2001-01-19,-4.287437078943428,35.650803917358346,-13.961627716814457,-18.873070517664235
2001-01-20,-3.4050967466153623,35.3343367205022,-13.010134532514504,-20.42121427289033
2001-01-21,-3.043478427812899,36.913080194053926,-13.848793331066396,-20.9198573123944
2001-01-22,-2.6246866161230935,38.04479755557647,-13.363908509716492,-21.31176452088245
2001-01-23,-1.6658307659870015,38.345214952318074,-13.335967577759273,-22.617401526196684
2001-01-24,-1.2460650040516614,39.02809298630112,-13.753377583117558,-21.953068488306084
2001-01-25,-3.7283549486189957,39.20867036612053,-13.315084509578961,-22.056547967119908
2001-01-26,-4.827247593716162,39.037672735820045,-13.272828158109725,-20.206509092809405
2001-01-27,-5.98899780526884,38.59765290970029,-12.856854002662923,-21.654094758321285
2001-01-28,-5.385802189731242,39.61972507647379,-14.131159715351057,-23.097175745671283
2001-01-29,-5.305047780114543,41.19920470384379,-15.207378484303446,-22.42102536757175
2001-01-30,-4.8313738334043554,39.792420491315696,-15.577737862614482,-22.441151902847462
2001-01-31,-5.490263779201873,39.57287702586918,-16.684246607645285,-23.971389608418537
2001-02-01,-5.436597957220079,39.39615657377621,-17.88389502329641,-23.987077053944997
2001-02-02,-4.260829456235594,40.55349747978774,-17.070249905309787,-24.661100840838454
2001-02-03,-3.3298153350647715,38.79980445706178,-17.767349239867006,-23.97403529764058
2001-02-04,-4.826340124012692,39.13114896230103,-18.504085113517775,-22.728664166482872
2001-02-05,-4.385640048669096,38.99033019841161,-18.637515774497633,-23.090550210274596
2001-02-06,-4.591419683151233,37.07567453998402,-19.481881038033695,-22.969322645653232
2001-02-07,-4.752886796044482,37.34596738702164,-20.133239488792825,-23.34220520529753
2001-02-08,-3.5922529903912768,37.51798386698479,-21.089294125311888,-25.312684483903908
2001-02-09,-4.972231200399563,36.75724531642992,-18.830117117290218,-25.88053724779335
2001-02-10,-4.961758017689095,36.57610056600272,-20.01760844852271,-24.435140242083094
2001-02-11,-3.7641792189758423,36.90960192051492,-19.613727027849368,-23.626163263704157
2001-02-12,-3.0075393924163345,37.22529081699795,-19.287218074930152,-24.246127307635206
2001-02-13,-2.1360841524459833,37.30631697685909,-17.527639329290945,-24.566907595206747
2001-02-14,-3.616971306296583,38.872431869842394,-17.564556914663953,-24.972008575370744
2001-02-15,-5.5530443979549435,38.2740233522543,-17.346529557438636,-25.850238219222817
2001-02-16,-6.887209653698934,38.63272629183568,-16.116989588688632,-25.2333618267259
2001-02-17,-4.607968953757537,38.76195465610854,-15.589397007795423,-24.94596798374158
2001-02-18,-3.106670895005582,38.19317039901335,-17.217171843789405,-23.95603406383152
2001-02-19,-3.5754728907933337,38.77400756515238,-17.8844915831544,-23.346619106187394
2001-02-20,-4.195246938529046,38.59916944342737,-17.11267384389767,-22.38458563956629
2001-02-21,-4.596889325813932,38.94296170981691,-16.18229761761444,-21.859777505395567
2001-02-22,-3.858620087670026,39.386664725736566,-16.63240406477905,-20.857336676291588
2001-02-23,-3.310586357906851,40.168514526508034,-16.69197059140296,-21.50744260624029
2001-02-24,-4.157884183311548,42.24179810683237,-17.00107060788232,-20.721529243377585
2001-02-25,-3.995481749526048,44.31810409717869,-17.854432337670787,-19.08502697233404
2001-02-26,-3.804414568948685,44.86284364124218,-15.739549097017116,-18.54474311002509
2001-02-27,-2.7708668274404955,45.499722740645055,-15.205230531269098,-19.57266410067119
2001-02-28,-2.3220605679186894,44.29023244666557,-13.93059395495114,-19.172303591629348
2001-03-01,-3.4570070683733287,45.62654971788026,-13.50038378262272,-18.116010946812565
2001-03-02,-2.769901304969349,45.35642958927387,-13.740655617224729,-18.53600212450141
2001-03-03,-3.0030551692050573,45.36186738168867,-12.877965260332154,-17.948549888698523
2001-03-04,-2.8735038434992317,46.76392492509584,-13.123356181221775,-18.532484249650217
2001-03-05,-1.9973852045880496,47.61253813231716,-13.865248117950545,-17.75239413788724
2001-03-06,-1.4121240137630648,48.635311395737375,-13.094336988444123,-17.034592468087222
2001-03-07,-2.7590032761420344,50.07334216493264,-12.542723589582948,-16.250515030371297
2001-03-08,-1.1143379588543922,50.35845819251608,-13.41199423164442,-16.459260424555207
2001-03-09,-3.6732143080328603,50.53805303522496,-12.040605961511789,-15.726685676813037
2001-03-10,-4.038085418779138,50.234725313505244,-10.232424181675931,-15.741817570396124
2001-03-11,-3.2808874094381393,50.297979314886994,-11.35932726389931,-14.524613697685583
2001-03-12,-4.273740999748844,51.33327051712006,-9.978844081703075,-14.791035260519182
2001-03-13,-5.162391993158881,50.71418966599196,-13.375796322191174,-14.957873391098458
2001-03-14,-5.98698280013344,50.674547737622355,-13.836440166509588,-16.5547967133867
2001-03-15,-6.418465472540337,52.204766963407366,-13.094737497711575,-17.533584085061314
2001-03-16,-5.772709669606336,51.357845158075136,-13.41938516737948,-15.693980870238065
2001-03-17,-4.895410571341571,50.50421706876556,-13.500610236432033,-16.768669651736786
2001-03-18,-3.724401786764589,50.23310158573858,-14.297047106767353,-15.375955945593898
2001-03-19,-4.563458632483824,50.466632553167074,-14.563780519703846,-15.638783435916231
2001-03-20,-6.0157874438060785,51.25468896031316,-14.260416369453582,-14.905668151076256
2001-03-21,-5.426394464700219,51.481918972665255,-15.013189826154733,-14.160283475482144
2001-03-22,-6.009000702239449,50.12729200660831,-15.902438810144174,-13.920052429821842
2001-03-23,-6.291895876107421,50.34581473885103,-15.850868085837066,-12.305143519449597
2001-03-24,-5.458391260033365,50.379338494194776,-16.536954137602365,-11.75421266897195
2001-03-25,-6.242476445113973,51.357636782475176,-15.85208949952977,-12.992634692181483
2001-03-26,-5.817857514754427,52.258481116883765,-16.378504517477797,-13.076086478351279
2001-03-27,-4.9678733989550885,52.05306389973782,-15.550980721767532,-12.035067353184782
2001-03-28,-5.105402040762218,52.59778500391498,-15.793143814646657,-12.283509815020606
2001-03-29,-3.885479899999083,53.98422173873999,-16.01585939766712,-12.378487115063036
2001-03-30,-4.088424759291754,52.448537620093184,-16.175180174581733,-12.087336078074838
2001-03-31,-3.8445368788070855,52.03818479335833,-16.026817674843407,-11.534575491123118
2001-04-01,-3.110252035174418,52.73709141261012,-16.439647293554064,-13.091895328538218
2001-04-02,-2.9163920979754137,51.86500682738786,-17.453492516180983,-12.016111007853018
2001-04-03,-1.4982125566298572,50.400407101321626,-17.22790551688644,-11.363866367156621
2001-04-04,-0.30079275549770856,51.46911882896971,-17.53938339639243,-9.769406497944884
2001-04-05,-2.032959430139229,50.622151714888055,-18.230456670513853,-9.610769458942686
2001-04-06,-2.262871132036245,49.80454243508356,-18.67000596319375,-9.991691288366793
2001-04-07,-2.808009924096924,49.541401643432714,-19.713855631872995,-9.522304830565302
2001-04-08,-1.7705546154448328,50.24330047862525,-18.66365393416704,-9.119647100767615
2001-04-09,-2.9134793963400267,50.91990375456647,-18.969100969370775,-9.308619084451138
2001-04-10,-3.58990086182105,52.20975839304953,-20.218290766181305,-8.122181759640263
2001-04-11,-3.285233451197239,51.415713771790095,-20.84787268270399,-8.405686549375163
2001-04-12,-3.004755238268259,51.99667683208746,-20.576707767838208,-9.116199460875627
2001-04-13,-1.5524779337839372,51.599159172181935,-20.341984362113894,-10.841691529008898
2001-04-14,-2.1317539558646583,51.61212073592466,-21.483238521104795,-11.361708647420958
2001-04-15,-2.883152680923042,52.412617478273496,-23.29465408231499,-10.785283137655309
2001-04-16,-2.0460630856423956,50.5512032403525,-24.388416446623985,-10.659849008685393
2001-04-17,-2.421882382419324,50.67667236735933,-22.426001693341497,-9.20493110241001
2001-04-18,-2.427580347891039,50.79670550545454,-23.080800436141097,-8.563401789334009
2001-04-19,-1.913826322502796,49.726531204917286,-22.554105037969226,-7.554553336818042
2001-04-20,-2.62485748410564,49.04062131551201,-23.051949923866925,-6.113128651298534
2001-04-21,-2.5045485327947103,49.33101584803705,-20.650417102534504,-3.9801782034261666
2001-04-22,-3.211697114643908,48.32289630961804,-18.5963732094297,-3.490926947597405
2001-04-23,-2.899748048391828,49.58578594089097,-18.97279795673756,-5.007186515955953
2001-04-24,-3.972589376589676,49.87501358821869,-18.472570568316183,-4.105786197315628
2001-04-25,-2.169305746944718,47.876029399715726,-19.02421804301255,-2.312157040751904
2001-04-26,-3.1389415795231774,49.56688588641322,-17.618523057964055,-1.8923083428917646
2001-04-27,-2.863582545139355,52.15879878835205,-17.100606880497672,-1.7570158264180515
2001-04-28,-2.1603879528545744,51.82740815325434,-17.710402101112802,-2.1669188835928797
2001-04-29,-2.887443989104556,49.89186980782524,-16.839017001970483,-2.843676157687753
2001-04-30,-3.862320018909245,49.05742831937927,-15.010263649329943,-3.1157518672461153
2001-05-01,-4.004511134237754,48.405287088665716,-15.52459163147431,-4.964708283183128
2001-05-02,-4.970640655281849,49.160564394859996,-17.3818275513094,-4.649010599649407
2001-05-03,-3.688544395832931,49.4066739010078,-17.309885167937367,-3.620130428634506
2001-05-04,-3.0799515041870813,49.876705996974955,-16.636738265828622,-2.8367146373782437
2001-05-05,-2.384040878183442,51.36150350731048,-13.191656410284438,-3.7867477597425774
2001-05-06,-2.3668790515345655,50.188771919810854,-12.176918701040572,-3.509087225908861
2001-05-07,-2.048237900620106,48.88513969833359,-10.548556689703476,-4.346666530584943
2001-05-08,-1.7497622882355035,49.4296765592296,-10.641125609167474,-3.3477595609100685
2001-05-09,-0.46345534261546373,50.54559557308031,-9.112795436948122,-1.938429931203519
2001-05-10,1.1500943526564926,50.82501640893112,-8.662657844852058,-2.853305551388584
2001-05-11,1.5872078965666434,48.78737670693961,-9.518588249343344,-2.0917103421186316
2001-05-12,0.675774608901372,49.47530855323957,-10.664350793132952,-2.2666184721163067
2001-05-13,0.6095721803439988,48.78537316640643,-10.807687663951738,-2.1504270013458058
2001-05-14,0.043267089547382453,48.236707017185545,-11.08324690669284,-0.5254332795835888
2001-05-15,0.4914639007968236,47.689821788070525,-10.835941434559253,-0.10011110638914544
2001-05-16,-0.23446958914372534,48.35063634983925,-10.376715993155216,-0.3890256261586798
2001-05-17,-1.9094439481273775,49.190117291385256,-11.012811530480752,-0.2604972454568465
2001-05-18,-2.681998195770759,46.78012841751326,-9.57607178486159,0.7738351603339456
2001-05-19,-1.4866220634237495,46.64860459272623,-9.506872666475221,1.2454045881841687
2001-05-20,-2.3190971499262574,47.27861737381044,-8.91832665229001,1.5157796813830515
2001-05-21,-1.9407452080014451,49.4674782228303,-7.4751959580370455,1.2423976008361277
2001-05-22,-2.1319997075390558,48.55065346621017,-5.726641004821983,0.9237564216597975
2001-05-23,-0.3265361271952649,50.41640869625041,-5.5402573037748875,1.602652305250512
2001-05-24,-0.3540167763880446,50.9010032737249,-6.231218099954312,2.4093155816710716
2001-05-25,-1.279081257779543,50.453097657375665,-7.286442548834246,4.189032290346148
2001-05-26,-0.7016962224827045,52.01093244883941,-8.109539403873463,3.6376828891974435
2001-05-27,-2.126867059042618,51.73152813139759,-7.309634853801463,3.667251455340867
2001-05-28,-0.3807145731891193,52.93010765843538,-7.33072456393206,1.8074194247194877
2001-05-29,-0.08613618245181226,51.91303318043539,-7.627252974586183,2.817874241617449
2001-05-30,-0.3967287829000508,52.23963753092026,-9.252604859360215,2.9945685971783624
2001-05-31,-0.5949416307381316,53.87849538210862,-10.815562144623609,3.70343614207933
2001-06-01,-0.5876723300091078,54.019223903369515,-10.9701853238141,2.740017021173064
2001-06-02,-0.9447669404649544,54.024167119416,-10.9835521565476,3.060534533809986
2001-06-03,-1.6923247408012974,54.05626420209858,-9.613073603344015,2.2920298951075697
2001-06-04,-1.1197751405022018,55.230633058842756,-8.346908619972611,2.506487191774069
2001-06-05,-1.5668105053379011,55.602693682461236,-7.733639735784564,2.9407718180007363
2001-06-06,-2.5171185203460924,53.711862271488954,-6.756470421126229,3.2011682591320376
2001-06-07,-1.2362185628145015,52.92804437820909,-6.402229671588797,3.3021571470666156
2001-06-08,-1.1198702845835729,54.01565476851688,-4.824496795985272,4.733887402837482
2001-06-09,-2.3312370425829245,54.50372762010285,-5.769914369556435,4.512680224200827
2001-06-10,-3.084964161714715,55.25127283019187,-7.062929389532968,4.108652269078463
2001-06-11,-2.2350502204574907,55.49378943820309,-8.86133058251354,4.100683760753899
2001-06-12,-2.388206339489029,55.402050776545686,-9.317683451286868,4.220799171788686
2001-06-13,-1.7953632414429057,53.919913868707134,-7.984753456646965,4.671076548139939
2001-06-14,-2.9128223487578877,54.44400934614872,-7.33049193793282,5.257924920878126
2001-06-15,-3.1639596435884516,54.571563257691885,-8.344086991513219,4.303001777407984
2001-06-16,-3.4511016052409116,55.00601639858798,-9.235917592631889,3.153440388293104
2001-06-17,-3.594876592601154,55.391725122495394,-9.618592994745345,4.147184034996176
2001-06-18,-1.7302794022199552,56.38536986473586,-8.405501718294119,2.86975976855883
2001-06-19,-1.5789222542489758,55.265394343507786,-7.678462552081444,3.556541671250581
2001-06-20,-2.525607806579015,55.923578433634695,-7.828455736882204,4.317636587584381
2001-06-21,-4.565317429280883,55.191190836127916,-8.658851182578953,3.5171225613830974
2001-06-22,-4.957181690044773,53.554060719746644,-9.219701815945667,2.7125586859615867
2001-06-23,-4.964129078184286,52.36879480404278,-8.468828909632679,2.19488853687617
2001-06-24,-4.688430157408315,53.593876496578055,-8.474847419498058,2.743095841688396
2001-06-25,-4.285090920597355,54.78419856436313,-8.158718055399724,3.4303525869667655
2001-06-26,-3.5444335063680725,55.00409293755829,-9.95511717093543,3.2788297852313315
2001-06-27,-5.221508982564893,53.2177690922921,-10.656867189683673,1.8912929416953113
2001-06-28,-6.679606566361354,54.114025989697815,-9.810519814342577,3.919609210865816
2001-06-29,-5.979754547699198,54.767198453252924,-10.37040238810648,4.432453585543886
2001-06-30,-6.169547996972687,54.437641220005645,-11.10102128966962,6.021545541393232
2001-07-01,-5.71940894847283,53.463895420474906,-13.056036133932121,4.904252140357801
2001-07-02,-4.6465640083705635,53.6790133807612,-12.87501575762199,5.067916922941135
2001-07-03,-5.002073149749575,54.267644547153836,-12.787152848931889,3.7011220596618193
2001-07-04,-3.8272227814416198,53.03488153722477,-13.354409171955593,2.801618407006165
2001-07-05,-3.830111544583466,53.71321301157783,-12.607075259439824,4.729370466940745
2001-07-06,-2.2497554026079176,52.53043658427032,-10.188991616227565,5.837641435732824
2001-07-07,-3.3688247921474206,51.162435697714166,-10.784295698446211,7.709197598758166
2001-07-08,-2.485048976821002,50.14534598250045,-11.342812684798352,7.508098282734135
2001-07-09,-2.179371129763946,50.33286751672873,-10.869598713205832,6.757785790427116
2001-07-10,-0.11971385332369477,50.718965426729085,-12.087353568687764,7.49073920917214
2001-07-11,-0.1950437776552434,49.66223556009862,-11.231918763233487,7.02670032721728
2001-07-12,0.21856776133447753,51.08123817427502,-11.269243448617898,7.575042727328998
2001-07-13,0.24558890674153472,50.603364701416325,-10.573277506117437,7.09109690887054
2001-07-14,-1.1242236530254337,49.574602363135554,-10.338047501009342,8.41041886351489
2001-07-15,0.4008802543653238,49.64968684851814,-11.786038042839307,8.441994124289845
2001-07-16,0.5294263118060164,51.158074910042195,-11.30356839711364,8.84252178010707
2001-07-17,0.5161281346245269,49.75441985206607,-11.25292741972015,7.172199635354984
2001-07-18,0.28396623824691836,51.47151490733076,-12.277847792652409,7.222761258451325
2001-07-19,-0.18249568810571715,50.2343483701126,-12.470134642310352,8.389154078497995
2001-07-20,-0.12779789128055874,51.45518988184682,-12.60900014990563,10.133141071970256
2001-07-21,0.8555321813086355,51.87156038171385,-12.456184532333701,10.836224212905151
2001-07-22,-0.5565376796975262,51.16385440162388,-12.418745000967293,10.65603483230879
2001-07-23,-0.21128676985134887,50.67767128894653,-11.757790233122979,10.397285080301609
2001-07-24,-1.95641972213873,51.644809609918255,-11.666597659913318,9.34010500672538
2001-07-25,-2.993514310799085,51.616261737582086,-11.918273041470956,8.376413924160941
2001-07-26,-2.132763764683615,51.314915448120956,-10.641108090824668,8.430319744784443
2001-07-27,-1.2209718161415204,52.46375373721492,-10.74573446138171,8.326007589747762
2001-07-28,-2.6458006517430785,51.51568305988302,-11.716993764378419,9.236797415511237
2001-07-29,-2.9175360791368092,51.651688116680155,-14.705719618770752,10.349894570618549
2001-07-30,-3.6022566599488153,51.220928225023144,-16.108364379806048,10.549219514574244
2001-07-31,-3.965415998832013,51.4258289946167,-17.317851118262606,10.494297386262739
2001-08-01,-3.0029558068013023,51.69616131135086,-17.917411426249522,9.416423893605824
2001-08-02,-3.807341437762735,51.107536791723824,-16.64651075348539,11.920558131107128
2001-08-03,-3.4298676595999695,50.23005804257788,-17.19886400869197,13.080913365921965
2001-08-04,-4.087612995413874,50.280304145951206,-15.987492044542524,13.378943929322281
2001-08-05,-4.012961085682852,50.87651141165686,-16.088087496792195,14.332554638002954
2001-08-06,-4.39892135191748,50.99488280359687,-16.834162038199516,13.690844460706767
2001-08-07,-3.7798133445481588,50.57495765557099,-16.661204183997164,15.127785205004907
2001-08-08,-3.629534286896607,50.24700272491341,-16.74637807054063,15.66357296121912
2001-08-09,-5.564233850163943,50.41408777391277,-17.710293794053833,15.715827063297038
2001-08-10,-8.379800255194127,51.60188481516258,-17.8988552600339,14.034874417757706
2001-08-11,-7.9632528414558825,51.32425307196944,-19.890386039461767,16.970377022862433
2001-08-12,-8.829644047256076,51.244303269431576,-20.627400392531314,16.259507129238553
2001-08-13,-7.676978957635178,52.158602948750016,-19.869208893456534,16.762167276594287
2001-08-14,-8.452420031025136,50.43956393877795,-19.47906486287711,18.150702018105605
2001-08-15,-7.110824770014753,50.48442958474911,-20.134052574070655,18.782242546946538
2001-08-16,-7.419548056247465,51.62665031982023,-20.618100822030566,20.4425859544734
2001-08-17,-6.480188865002272,51.691137006016895,-19.60969761756392,20.61462849149071
2001-08-18,-6.419669927835404,50.20216183507294,-18.706024277024884,20.90512916239825
2001-08-19,-7.351454626662104,51.99318496361391,-19.075196437565605,20.439284218978134
2001-08-20,-8.40943820828808,52.150732913053695,-19.624438703109753,21.046050791129904
2001-08-21,-8.677618615793088,53.60102569728884,-17.919797694953143,22.15886891947712
2001-08-22,-8.496052100192975,55.134783887860884,-18.048535711452285,23.017097826413895
2001-08-23,-6.982534741141043,55.824330302135344,-18.644155856021086,22.202203810341377
2001-08-24,-8.321315966212085,54.39751412734082,-19.727420229611983,24.835783677916822
2001-08-25,-7.684571968646695,55.24647122598892,-18.854590907897425,25.069831488084386
2001-08-26,-6.33120213335423,56.03572911656832,-18.21930230867106,25.369675577606415
2001-08-27,-5.851905747140017,55.510361278683426,-18.226617062886163,26.81697647935852
2001-08-28,-4.940613599784931,54.392528718971775,-18.583091928825468,26.842577074986796
2001-08-29,-4.370945816780127,54.674739905874745,-19.33234841463299,28.06098770542512
2001-08-30,-6.335595307344377,54.9164265989105,-18.582987218665657,26.575074645355663
2001-08-31,-4.285509287696943,53.7828809040993,-18.67938765590687,27.905072361712108
2001-09-01,-5.60434096498298,54.30811962604453,-17.921599610450247,26.767106316869945
2001-09-02,-7.012983549370711,53.81432563029513,-17.682300860591273,26.47019100559603
2001-09-03,-7.428239974348583,55.224655922770864,-18.49611556744413,26.19408293409715
2001-09-04,-6.297120935492766,56.774462634238375,-18.88231174223995,27.40253838787265
2001-09-05,-6.144655545574345,56.27086801633306,-19.544646321329438,26.64798933495501
2001-09-06,-6.200842084760417,56.28788057838336,-21.66164006922162,27.366268930717034
2001-09-07,-6.172342011502771,56.21011216164581,-20.896556289992766,26.578158584359848
2001-09-08,-5.203415391387702,56.158553671195314,-18.490196358257034,26.613879450390158
2001-09-09,-4.279106988248914,56.60412379967466,-19.336765864620983,25.695406065968882
2001-09-10,-4.206925324295692,56.51269634665381,-18.312985768279002,27.621691266852196
2001-09-11,-3.852993632360381,54.88028714952836,-17.584026420423474,27.826730675862194
2001-09-12,-1.8893274947170164,55.15573496053394,-19.339069313297074,27.836595098048004
2001-09-13,-1.7500044634835343,54.99075111484351,-20.913875647865673,27.79423746912984
2001-09-14,-2.683673034522343,55.30539158415374,-21.834111269989045,27.81040650310771
2001-09-15,-1.7360526661705742,55.20122050220512,-22.26608777816081,27.76366240504151
2001-09-16,-1.5787018032133533,55.55764431833959,-22.353725117067242,28.000252523096634
2001-09-17,-2.330632810194791,55.51335301853265,-24.37314508026495,29.165775901109896
2001-09-18,-3.0119261987344004,55.18389648764553,-24.8764718073892,27.435748350058258
2001-09-19,-3.75581294533651,55.57883803909483,-23.520505227124094,26.41144500642958
2001-09-20,-2.7826382038091078,57.92126977309523,-23.307771654509867,26.626839233236723
2001-09-21,-1.4111496591647112,56.553879731762905,-22.95559700236601,27.56280205262599
2001-09-22,-1.5045003212734693,55.86684473659033,-21.23348271580894,28.535507269728395
2001-09-23,-1.9705038625349187,55.96006464632159,-22.03930877360555,28.674342089411855
2001-09-24,-1.1308596557361905,54.890197209569244,-22.93462278494693,28.632925548391505
2001-09-25,-3.309961248157652,55.80979997252011,-22.610238781577316,28.91684634955665
2001-09-26,-2.7133691446567703,57.17251128607335,-21.194248021489777,29.81704124468891
2001-09-27,-2.9177570708617377,57.205601711357815,-21.98978093872589,31.31043370898433
2001-09-28,-3.566116469706792,58.38122458862082,-22.437221897576364,31.549412107514996
2001-09-29,-5.16197549631274,59.069628405911885,-22.26963230192702,31.526283534803365
2001-09-30,-6.5605046654785095,59.19337691740456,-22.489328230066146,32.39589930012813
2001-10-01,-6.642894355607411,60.13434167901495,-22.346206992331716,31.121743030496535
2001-10-02,-8.63204212103091,59.40315213634417,-23.56549700184081,29.704023298272215
2001-10-03,-6.953760384569491,59.29575277498024,-25.772283810713134,31.55966562923177
2001-10-04,-6.3847697597736826,58.624190885977036,-24.226279184404568,31.80364157876268
2001-10-05,-4.67017976369193,57.85366268334016,-23.573296998156057,32.2066569750101
2001-10-06,-3.7046835239418314,56.554389366822,-22.22042821813245,33.37029846327172
2001-10-07,-2.5957669942433546,57.618796664687956,-22.712754789921846,34.99793991184734
2001-10-08,-2.1291049178813646,59.81081840812881,-21.591746259208616,35.01969576801636
2001-10-09,-1.8636220650766915,60.169050752895686,-19.676335282358696,35.72263763674674
2001-10-10,-1.9606397414845234,60.03745172086377,-20.479304910089645,35.26691336207967
2001-10-11,-1.914696252768917,61.09694475921604,-20.230163992556562,35.142038234504
2001-10-12,-2.1887415065587486,60.3435207165899,-20.531110745159584,32.92384779175101
2001-10-13,-3.516010641950224,60.74629100267833,-20.155292588939524,34.186820683876
2001-10-14,-2.4047160910168572,61.277729549119925,-19.861055220599205,34.78536005794997
2001-10-15,-2.884412522755838,61.167508756384855,-19.266584741804845,35.18634236307143
2001-10-16,-3.321514659411626,59.76968237004738,-19.73465253285817,32.78278143711003
2001-10-17,-1.958324203743184,59.41972949328076,-19.67627367096705,31.86066840743388
2001-10-18,-2.164586210822713,57.206728517005146,-19.429354924996566,31.838417108777424
2001-10-19,-1.2051907075626258,55.853099706991635,-20.00122811362444,31.769910517195104
2001-10-20,-1.0464454258829916,54.55864059500893,-17.349550218109794,31.47955858618899
2001-10-21,-1.4151569121818668,54.29838672336504,-17.74334809252543,32.859031590563475
2001-10-22,-1.6940647139544427,54.44073527733076,-17.94628511535061,32.52064908001314
2001-10-23,-1.9523991199690087,55.14743101532663,-17.961707688422745,32.420465141357234
2001-10-24,-2.5238643850742584,55.31959179049966,-19.900480249817072,33.36091089047912
2001-10-25,-1.5827322753165158,55.07411468419348,-19.930052191807437,33.44468606668091
2001-10-26,-1.399052335153121,55.65844547672064,-17.942506137549714,32.0473117105433
2001-10-27,-0.14204989670961643,55.45464187443111,-18.144432769049573,32.10103330298462
2001-10-28,-0.3288635771205216,55.06603584025322,-18.99964681858085,32.041914597056405
2001-10-29,-1.5426308390461152,55.863016595822515,-18.179169317949746,33.44283682163915
2001-10-30,-2.4667849971400857,55.179653203590746,-18.76628424126587,34.19844610889222
2001-10-31,-2.3559461993705773,56.88565106292235,-19.364705069494278,35.14817389719917
2001-11-01,-2.7928324337227983,57.92456322102215,-17.039568990284522,33.4675502415065
2001-11-02,-2.6028657872633754,58.44725188819711,-17.028923304167733,33.19292341112438
2001-11-03,-3.5373749451247525,55.74177538080757,-15.980584448301771,34.10298212701254
2001-11-04,-5.781783859855796,54.63167322628761,-17.47882751113311,34.3552574640804
2001-11-05,-7.041556932373641,57.45026446568941,-16.560191248469792,33.049558752807904
2001-11-06,-5.73530423335545,56.72965809809266,-16.93524590899547,31.063966756489457
2001-11-07,-6.320717206436456,55.65076743531121,-16.607574185385165,29.94485836018077
2001-11-08,-7.221035776941495,55.125417123328134,-17.508288607166563,31.42572395680761
2001-11-09,-7.100207762166613,53.61056543454614,-18.59320871135215,31.698666830541868
2001-11-10,-6.410994650795404,52.77132609764181,-18.61221524231393,31.675585164058226
2001-11-11,-5.719355316785888,52.99439316444909,-18.38951272623308,29.387041544873103
2001-11-12,-5.589214198180096,54.64530273576264,-18.73765791740967,30.22102316728996
2001-11-13,-5.845279873281125,55.19002985069911,-18.97770206075548,28.572514084290436
2001-11-14,-7.226562531610793,54.565302982430936,-17.784802437664446,29.918620272756403
2001-11-15,-6.479427495913286,52.528699853673146,-17.968671431500518,28.725376758755413
2001-11-16,-7.03727170800392,54.05098914967053,-17.55512433141044,29.052139740331523
2001-11-17,-4.96157689774301,54.02731415311282,-18.954748234696346,29.307673371472372
2001-11-18,-5.762859280426696,52.66934061480278,-19.728779139511254,28.751393599220865
2001-11-19,-3.8109240101409725,51.24162760692818,-19.062750679282885,28.708093212291065
2001-11-20,-5.187877122848897,50.70965093195182,-17.60299521401912,28.306050632300263
2001-11-21,-5.331641340280362,49.99108189214581,-18.082769561491727,29.421636515878838
2001-11-22,-4.562317497133947,50.27146601735593,-17.608244894847108,29.697982475355815
2001-11-23,-4.529703639974722,49.10060120088156,-16.50373119850981,30.757411926941305
2001-11-24,-3.982889780478067,49.19875616718202,-15.713035089200227,32.15577620011695
2001-11-25,-3.2685993912969105,48.84433815365362,-14.781511420033766,33.26058765153515
2001-11-26,-3.51439644451106,48.88015555907434,-15.488585887708501,32.20461839010667
2001-11-27,-2.5269430874855976,46.8329611281113,-16.54529968873757,32.67760886922264
2001-11-28,-2.514469587649857,46.025756172868434,-15.896999708007675,31.608230895972063
2001-11-29,-3.395663173369776,45.18950606625825,-15.808112111663533,31.30274539751932
2001-11-30,-3.6754632853406095,43.99923157246721,-16.522370267291908,33.3119889780546
2001-12-01,-3.6848929642665653,44.412433627246614,-16.089647727145515,32.7609333521885
2001-12-02,-1.5377044560137993,44.80307006034926,-15.607665020496277,33.56138192183702
2001-12-03,-0.6512520727803716,46.09200158336159,-15.366325264460016,33.46061597434508
2001-12-04,-0.5928230857885455,47.62453919580988,-14.836985848369839,35.249557383313096
2001-12-05,-1.430941274798239,49.103966604568484,-16.381385871319015,35.30787460385419
2001-12-06,-1.591499664002198,49.78589608784763,-16.557089142672563,33.93188940439862
2001-12-07,0.21585428147961605,52.38384222469933,-17.59919604307529,34.4513631623815
2001-12-08,-1.958135268327794,53.80794979452574,-15.877608342640173,33.34846406118094
2001-12-09,-2.6814674550202517,54.2462003858823,-16.82650679636195,33.054018343367964
2001-12-10,-4.408432293095482,53.55794990398137,-16.279323262164358,32.49479747927072
2001-12-11,-5.162244100541814,54.38057990013388,-15.749110821069902,31.050920507897985
2001-12-12,-5.352996484763541,53.446589009436934,-15.301627385699746,30.552645677965426
2001-12-13,-5.934376529411672,53.10059636899634,-15.17864006801133,30.961011593084386
2001-12-14,-5.673989322138026,53.95281153919204,-15.964709330065636,30.267860122912627
2001-12-15,-7.0740757272071235,51.219524109924365,-17.483183818777768,30.750937879684535
2001-12-16,-8.79715234667855,51.303364484326806,-17.37738086707946,32.07573867444913
2001-12-17,-9.082532371350908,49.57047713081076,-15.979736477851596,32.04876843588345
2001-12-18,-7.567239534871305,48.39497193342493,-16.11518952784335,31.000931900066124
2001-12-19,-9.193237512581923,47.750324461043654,-15.068741202503448,32.24560582819119
2001-12-20,-8.384132017544053,48.97964047019315,-17.74356049445101,32.397324129808865
2001-12-21,-8.155209780295232,47.40870468838189,-17.125708863204785,31.481734071559096
2001-12-22,-9.124900852193273,46.74179118631167,-16.098140744935943,32.30001709974365
2001-12-23,-7.818930471323291,47.00282265446342,-16.487807060783005,31.304341132592235
2001-12-24,-6.813966864341463,47.65806422112239,-16.54093205751014,32.86714665334465
2001-12-25,-7.13874608020645,46.10399898598152,-15.700003320390966,33.63883848046928
2001-12-26,-8.383916717548196,44.74219237576334,-16.393774289164565,33.94158108536948
2001-12-27,-9.267946904213822,44.701988477892165,-16.400484184130825,34.652661941889704
2001-12-28,-6.2672292440019035,44.8141156452023,-15.347906551969492,33.79017447485168
2001-12-29,-7.26110973389841,44.81724201809001,-14.513719475074863,35.692159436410435
2001-12-30,-8.447584047133098,43.26795725731044,-16.882628088999603,35.18889821521656
2001-12-31,-9.124196382897258,43.65416493715473,-17.737289281453847,34.577920722539915
2002-01-01,-8.16684312574325,45.29780825475965,-17.05505207989266,33.96201913557475
2002-01-02,-6.739830234942058,44.457050322278384,-17.11128635663441,34.64610032591808
2002-01-03,-6.870428663965138,43.776523180651175,-15.831983773816699,36.0496786512402
2002-01-04,-6.152312768534436,43.49637851604195,-16.37615519100357,37.40931113101056
2002-01-05,-8.047966651361772,44.29930244236531,-16.627249039087904,38.38341110366798
2002-01-06,-8.343270677822424,42.81191754832524,-16.237658395228475,39.858738624655274
2002-01-07,-8.563045102906695,44.29156997562157,-16.34656111781655,38.76049426576086
2002-01-08,-8.535068190621931,44.29835053691171,-14.65305932827356,41.55363395846251
2002-01-09,-8.23829582131536,44.14268020952494,-14.724036684020932,40.73318974770755
2002-01-10,-9.001324999241225,43.72348300544517,-14.447492002569085,40.1258839308526
2002-01-11,-7.431552640417989,43.12681705758342,-15.524333274742705,39.18947449064355
2002-01-12,-7.345466912833491,43.09935195386945,-15.351578736993773,38.57278786046133
2002-01-13,-7.8349242813767255,42.1015133131261,-15.47539065469405,38.299138546848795
2002-01-14,-8.334673324027465,42.195215855640924,-16.425367788523516,39.387184538347825
2002-01-15,-8.27599500248996,42.82832943141948,-16.73624782149174,40.47785081247469
2002-01-16,-7.474673085320008,41.565102428418164,-16.87900192046025,40.846238902494015
2002-01-17,-7.033453560540487,43.16044850594441,-18.54614272972244,41.2901318846586
2002-01-18,-6.684834259773729,40.60431922494537,-18.559626910326788,39.81398609762227
2002-01-19,-7.989494174230923,42.62904342481346,-19.82549392586803,38.68435938153852
2002-01-20,-7.326808239868373,41.80944567468788,-22.138159977497555,40.05377109544579
2002-01-21,-5.796293704088014,39.47038456444391,-22.968238244304374,40.154532461541656
2002-01-22,-5.47675400814473,41.0292403906669,-22.063985047065657,40.70351047174476
2002-01-23,-5.182169780926763,40.2825290934109,-22.594452918823364,40.03450510004145
2002-01-24,-4.720223746437688,39.460002283699,-23.47162349630438,39.87566302927647
2002-01-25,-4.240341245700053,41.77203713693907,-24.123314477070767,39.90313064329968
2002-01-26,-3.9043310414692987,42.34110281623228,-23.565346628007575,39.23152216216762
2002-01-27,-6.030662166320233,41.86632771213276,-22.269946779583176,38.39919328609475
2002-01-28,-7.237084957558501,42.34788023226344,-23.123165204290856,38.26066732138503
2002-01-29,-6.688197616547562,43.29314895605806,-23.357757927850386,39.88712333322437
2002-01-30,-7.226333036539419,44.17591534550292,-22.70133003279327,40.79808787576195
2002-01-31,-7.3845313519853555,44.705912674210545,-22.866119646694653,40.80042288335851
2002-02-01,-7.39494866337556,44.52729931973271,-24.050760558341835,40.70256557835289
2002-02-02,-9.4162726880381,43.83111736212091,-24.292333135235673,39.25073136123318
2002-02-03,-8.153208323710954,43.855922054818855,-25.216597805805595,38.58260807375892
2002-02-04,-6.275495108913248,43.672486781401425,-24.179591149832923,36.899025834812846
2002-02-05,-4.977251361438532,43.096946139102315,-24.337954199963207,36.62757981582914
2002-02-06,-4.32196259026081,42.107905211074105,-23.450453400321702,35.63661337005252
2002-02-07,-3.0952318457715,41.755940824804014,-22.5920843613956,35.381693874136566
2002-02-08,-2.1149012002103427,42.56174741281779,-21.4120220516597,34.49189175056391
2002-02-09,-2.1089735182860108,44.46308124283531,-20.88311862835052,35.03628144451301
2002-02-10,-0.5847275803131378,43.85987591472305,-21.005328139398056,36.33432752838974
2002-02-11,-1.5599885061519427,43.24281233995403,-20.46057844196891,36.00405788124315
2002-02-12,-1.6568671781572037,42.3272399241415,-21.792893638100686,36.64176471137969
2002-02-13,-2.5230685458599176,41.52890600590437,-21.022843688161892,37.79467587591139
2002-02-14,-2.445357537243902,42.5721417852569,-23.116465045962485,40.53103729841206
2002-02-15,-2.3728901246843055,41.47538945752322,-22.945412740344043,41.303243892752704
2002-02-16,-3.87958745843345,40.46160604295386,-22.65885404714121,41.47905686886196
2002-02-17,-5.083853817485113,39.525762010220355,-21.816941205106325,42.190206020740895
2002-02-18,-5.698279840762476,40.39451893676163,-22.558428066060827,41.95925168628813
2002-02-19,-5.449824095297037,40.00940436183306,-21.874152691405595,41.7621987046152
2002-02-20,-4.762225140876496,39.741102602168674,-21.32050776313969,40.43408558157277
2002-02-21,-4.675191950506918,38.24323868145781,-20.974524622935196,39.35692491612288
2002-02-22,-4.214714414689605,38.51031571889552,-20.846790621825523,38.612718190088515
2002-02-23,-4.9422967265385775,38.99608174630502,-20.531144113217564,38.90036502276699
2002-02-24,-5.0299139662109,38.43155360169462,-19.97392422948986,37.144680944216226
2002-02-25,-4.67505190357619,38.750258334642,-21.132287716038345,38.20071112859152
2002-02-26,-6.145650787952847,40.01170522202689,-19.888555074818726,39.63416844701269
2002-02-27,-6.913740265414438,39.21801175160068,-18.79863910375881,40.647917863900055
2002-02-28,-6.806217802138511,39.25576158069704,-19.265625804145664,39.753960990405496
2002-03-01,-7.19727891442191,39.215942942495666,-19.181269983117307,40.81650194215312
2002-03-02,-8.060247578371365,39.79679496983608,-19.629542344723607,40.25939169932056
2002-03-03,-9.145319068009846,38.58811340265556,-20.23338172581838,41.02435748893638
2002-03-04,-9.07185737929693,38.88440178025125,-19.64849921225839,41.12943947493226
2002-03-05,-9.84473653856432,37.924814566505944,-22.019483511156466,41.8396189390041
2002-03-06,-10.544457914256245,37.68762307342587,-20.926917968825794,42.0150753481941
2002-03-07,-11.267230849451034,38.411426746119545,-21.112871991838958,43.33723528679907
2002-03-08,-11.294000480849547,38.766849797962195,-22.31914966696916,42.14197636053792
2002-03-09,-10.535927873914035,38.57462722022103,-23.020493546566172,41.63627540300842
2002-03-10,-9.3697387713273,36.723448662207396,-21.601384890950587,40.842848540573954
2002-03-11,-9.459082362422183,35.65700208559429,-20.25049484012264,40.88801304194686
2002-03-12,-10.566893606578239,36.90299055770591,-21.71268356480721,42.033616280975735
2002-03-13,-10.461161085041754,37.76371291021037,-21.698644661596024,41.511992393840124
2002-03-14,-8.660534600050395,36.954697603958095,-20.569133691965348,40.710931353414075
2002-03-15,-8.834791297965527,36.48842799316372,-20.197171585937845,40.71437888751406
2002-03-16,-10.058922266757857,36.2200357832553,-21.00388740747788,40.17215583303812
2002-03-17,-9.284646216099857,36.64268574773956,-19.832982063533162,40.51107116415046
2002-03-18,-10.416306526945066,36.73668275772792,-19.422872930220898,41.48563333118631
2002-03-19,-8.924397566415214,35.50295912281926,-19.646071230743967,42.97460076970616
2002-03-20,-9.253431618668758,35.48070026255028,-18.91985163347151,42.94763713134835
2002-03-21,-9.602039550444417,35.74240213234409,-18.88636685345771,44.135522735403526
2002-03-22,-11.295066150928841,36.09507708296529,-19.224481277236595,44.06253199963779
2002-03-23,-10.526063588728482,36.053306611945885,-18.899589977746146,44.69686949667507
2002-03-24,-9.249265515569093,37.6691667376176,-19.27470210858217,44.6197990116807
2002-03-25,-10.5360211731599,36.57596090394849,-20.687335129226312,44.869284759097326
2002-03-26,-11.903581202619954,37.76312664532427,-21.917911162994898,45.22321271269929
2002-03-27,-11.356833556199028,37.479243267828316,-21.12592531722076,46.18135568863224
2002-03-28,-10.610717017160358,38.286751724566535,-22.063164830255403,45.09589936103515
2002-03-29,-11.449944057576996,40.13045791777465,-22.832912963582398,46.870381954162696
2002-03-30,-12.290744317237314,40.07967095847145,-24.496792273292684,47.06419446932186
2002-03-31,-11.661902484467884,38.796963529001744,-25.3039058358377,46.838226628326396
2002-04-01,-10.472227530384904,38.080499417808916,-25.520264329683105,46.03617310507582
2002-04-02,-11.475387570074101,37.06772153913079,-24.30144791931473,45.13612363946113
2002-04-03,-10.848463395286604,37.6810901704545,-25.09469265590212,45.367984134520825
2002-04-04,-10.528543916577451,37.93198671247814,-25.190945552655823,44.323355629984704
2002-04-05,-9.878312793432709,37.662043779502824,-24.08591331387046,44.88452437987972
2002-04-06,-8.512966249370901,37.743362613393266,-23.055675183799902,43.895031824593964
2002-04-07,-6.270236139010104,37.74893736181808,-25.20266522106186,42.53695465852523
2002-04-08,-7.526800525240244,36.650819550766066,-25.5060522215547,43.4907078261067
2002-04-09,-7.524156909674671,38.547422112857944,-26.62976125033002,42.928212300654614
2002-04-10,-7.11915925194601,39.55260200882866,-24.18126905865762,43.872391545368245
2002-04-11,-5.753539732400313,40.51046132224695,-25.339820437621785,42.10387014483679
2002-04-12,-4.789861985703407,38.37083597975757,-25.24329809986317,41.61872120271822
2002-04-13,-3.5485665699466145,37.81899494744499,-26.980021484650027,41.924533587527925
2002-04-14,-3.3250113302846764,39.4776857654533,-28.759868205798895,44.172387065455666
2002-04-15,-4.028508618190898,36.3985908945902,-28.455178143293335,43.79976619439379
2002-04-16,-2.797174532556055,36.21689860578852,-29.248449786109656,45.61349872573517
2002-04-17,-2.469171050284427,35.45982185792589,-30.664241249004803,45.62566834120246
2002-04-18,-2.4507361076744565,35.45520937062686,-29.81922383255079,45.69939945443967
2002-04-19,-0.26283615808963523,35.021247087228176,-31.441847275734744,44.85203963493128
2002-04-20,-1.3744253214620363,34.35332693610728,-30.693977520160793,46.96543406439343
2002-04-21,-1.7107506465802769,32.45022421061048,-31.21314360853093,46.148978721349884
2002-04-22,-2.7765281178576773,32.804158882147995,-32.13790871695524,46.173130631723204
2002-04-23,-2.845828192789291,31.715320927245546,-33.12893762184362,47.68264998940488
2002-04-24,-1.8670431481009735,30.56966150158931,-33.66671925237733,47.33337361092363
2002-04-25,-2.032110743050097,31.5186870530692,-33.80392682217051,46.645970015049954
2002-04-26,0.01587353387979551,29.627063211584183,-33.51629500285128,48.278917411306715
2002-04-27,1.2401367078817025,30.396221715777124,-32.336473116990724,48.89977172388075
2002-04-28,-0.10499184565485775,30.675118971168384,-31.053034272884222,48.670094225325606
2002-04-29,1.4549801421762159,29.584060999233486,-30.46782935410724,48.49718780366587
2002-04-30,0.4095810812371312,30.435340380449695,-30.070719989217945,49.22841372793886
2002-05-01,0.9254536557264408,29.837958060819744,-28.739604519478984,47.93154165385719
2002-05-02,1.6551711463744736,29.219233033908704,-29.0918184155066,47.41339484119083
2002-05-03,1.1063926663781136,28.965346581082336,-27.569900751776107,46.73554503036093
2002-05-04,0.42401673245019755,30.035122587687887,-28.20978743296418,46.249513314893264
2002-05-05,0.45993390083117597,29.774312620633122,-27.83977847009572,48.969618022530454
2002-05-06,-0.5755221422371462,29.315820921484885,-28.538231531911926,49.45810884305076
2002-05-07,0.011494331191562956,26.82021661562797,-28.505552892347243,49.84839074303238
2002-05-08,0.6094798597320908,27.186594267029022,-28.54894220296654,50.29881713272731
2002-05-09,0.32163478235579557,27.04180909075253,-27.933001557341008,52.326564498903096
2002-05-10,0.4350766745366737,26.985451740879064,-27.250223110808196,51.32609197397155
2002-05-11,-1.2854938315496411,27.85773532943737,-26.868941915244868,52.63567407028544
2002-05-12,-1.3272101753405643,26.916580469109558,-28.100271116885903,53.68705122408207
2002-05-13,-0.854885726496341,27.345010646778423,-27.249643468491996,53.16231968351103
2002-05-14,-1.4532632130521628,27.952415633313944,-26.397174839893278,52.804770077518846
2002-05-15,-0.5372408160051272,26.981054249289027,-28.044929191467556,53.54363340522951
2002-05-16,-0.8141503466956777,26.77050609244805,-28.020302328845133,53.052240585004505
2002-05-17,-0.30233303251236177,25.55534052537035,-28.315049064309697,54.06632571613439
2002-05-18,-0.9570522448675038,25.005633170606334,-28.233406714577654,53.671793335702205
2002-05-19,-1.9644527308538808,25.44272055024327,-29.66186267498053,55.00006723316899
2002-05-20,-2.474251116210594,25.362980485757525,-28.50365059620759,55.860695897286455
2002-05-21,-3.2928484084425698,24.372139933156255,-28.497192137058537,54.51937363616857
2002-05-22,-3.8714115829892872,23.08448331736426,-29.170028781733304,54.87554852528459
2002-05-23,-3.245420721380909,22.95418963556858,-29.514613126675574,54.92155639459121
2002-05-24,-2.956782281626871,23.072214048621323,-28.71432381676022,55.50505164383174
2002-05-25,-3.142123529548494,22.596103714037547,-28.60667438173374,55.328377430346876
2002-05-26,-3.6200421689633977,23.946255119900947,-28.985991127144434,55.772526684068
2002-05-27,-4.549799290786222,24.29702926453651,-28.979308465141287,55.07692506583129
2002-05-28,-5.589473192454057,25.782452876776667,-28.399254988926646,54.234908650447586
2002-05-29,-5.558208847187697,26.897105978632982,-26.831380648225753,54.999921688056126
2002-05-30,-6.051489715168602,28.240574482543654,-27.60649053576473,54.71466378112592
2002-05-31,-6.542961776991345,28.538212869331016,-28.30701960336291,53.24441881273167
2002-06-01,-10.149919474407032,27.402908969327974,-28.984616700373323,54.306935193544916
2002-06-02,-10.68276866533926,26.52735967666102,-29.736405969698193,52.29633528246309
2002-06-03,-10.213696047102236,28.561894796232863,-29.50186525492049,54.52063558051277
2002-06-04,-11.270530195142715,28.558427157016865,-30.951231675426907,53.8636168429421
2002-06-05,-10.821285317004232,28.49828721779994,-30.929931965971242,54.69635639159882
2002-06-06,-11.49077777402758,28.655857485731417,-30.562624797751095,53.966347043869646
2002-06-07,-10.51564509224998,26.152692316741582,-32.10679551557466,53.42761289202264
2002-06-08,-12.08424587811406,26.166625329926735,-31.683795865581814,53.57827018586302
2002-06-09,-13.339798519065116,25.831796096644208,-32.53192059521543,54.156949102909365
2002-06-10,-13.441476942015077,25.477493218434326,-32.659741056222614,53.88625730340689
2002-06-11,-13.69924064886665,24.64565927348952,-32.81821908567911,53.93235200684668
2002-06-12,-13.548627208458537,23.487545372310596,-32.740008506898064,53.66166076368938
2002-06-13,-14.46957818592578,23.87374066766282,-32.667972116183606,54.08781042058083
2002-06-14,-12.868064691185817,25.178488703761662,-31.876104298186142,54.834236061045665
2002-06-15,-12.596425938301254,25.237151667998546,-30.57840703078734,55.35569356637176
2002-06-16,-12.727117697038823,25.359246763462785,-29.198186432838938,57.10493565703478
2002-06-17,-10.783338993622703,27.716751009547938,-30.548097203181534,57.33112780807283
2002-06-18,-9.859473254790043,27.855638723938913,-31.33835644008653,58.507651733263046
2002-06-19,-10.319275831680246,28.129103100792303,-30.50786241167255,59.13929778007484
2002-06-20,-10.279851265103495,27.093304493384363,-30.07531390822825,59.35131936807966
2002-06-21,-11.301344905418437,26.547767557470358,-30.420114964803396,59.625637394975385
2002-06-22,-11.571369058445011,25.325465139546875,-30.436098656223578,59.242125084368766
2002-06-23,-10.574678688159764,26.52834056331013,-32.04378750133283,59.04384297231937
2002-06-24,-10.09279907147861,26.02072725691568,-31.092682749890173,57.746101307888715
2002-06-25,-11.176970097901405,26.2551506271829,-32.48616706770321,58.36057905265908
2002-06-26,-12.899857060213645,26.695012016018495,-30.676671908107377,57.15044891839796
2002-06-27,-13.082086246049284,26.604669090531132,-30.294011882056484,56.09727998004572
2002-06-28,-14.048657218373776,27.476550263984677,-29.454943409589877,55.6510659164451
2002-06-29,-13.07637092577871,28.22237216111142,-29.46589795427278,54.89449423167652
2002-06-30,-14.235923378350867,27.268320546585773,-28.34973750150033,56.492223744202626
2002-07-01,-14.102127692524624,30.205043615825005,-27.815363346900945,54.614527476840465
2002-07-02,-13.842420195259923,30.382172637283325,-28.180630307294127,55.10820086664807
2002-07-03,-13.01479941936691,30.495086562275677,-27.495875151464936,54.98998126032797
2002-07-04,-14.234319772112602,31.365559804324295,-28.37545051668491,54.07262972934166
2002-07-05,-15.636128367672177,30.049040150148144,-29.049378866682833,54.25923897448492
2002-07-06,-14.831562806158395,29.686976242946663,-26.96963910715349,55.12517491027689
2002-07-07,-14.72339718814661,29.677959446190602,-26.434590923145116,54.798740761742714
2002-07-08,-15.431466822244515,30.046183645552677,-25.026243184727953,54.709989215118675
2002-07-09,-15.981635947303351,30.18545192790456,-26.14743275178553,53.93792041351637
2002-07-10,-14.691782826454741,30.995237435448775,-25.319536347343167,54.97248475839095
2002-07-11,-14.831530704260217,31.425431293121232,-26.967108467607286,56.53601644885587
2002-07-12,-13.720153749572361,33.236400918930855,-25.549803028110166,56.11765180180168
2002-07-13,-12.74751900299923,33.090918171281544,-25.248825554199538,55.0253748292016
2002-07-14,-11.592929129917884,33.34650750566624,-24.57735025834542,53.484410672269
2002-07-15,-12.36713586359711,34.54376126822001,-23.85813943962899,52.457203175371674
2002-07-16,-13.331000520005116,36.11838969102723,-23.186462561991554,52.62984449091055
2002-07-17,-13.503722229044385,35.14216184827072,-22.133018898084018,55.528044703212274
2002-07-18,-15.230679630003758,34.08402799277141,-22.151149198744175,54.835178481791004
2002-07-19,-17.2580181994706,32.13194146828488,-21.746800354488904,55.047150936563725
2002-07-20,-17.68295255989763,31.695929538077657,-22.48505212748719,56.07024144117677
2002-07-21,-18.38297383816605,32.47129279169516,-22.04245320241144,57.013328259679305
2002-07-22,-18.289029683520933,30.910096689447567,-21.962015038790824,57.72327830957697
2002-07-23,-19.212334840584113,31.114346850799077,-20.500603371284296,59.38537507650299
2002-07-24,-17.938890238377596,32.34909150472038,-20.06750822378271,57.987918652609395
2002-07-25,-18.22380095139956,31.858138852213855,-20.173104102754422,57.926984735016255
2002-07-26,-17.91929065111866,31.7556791154381,-19.426963162621963,58.492565863180175
2002-07-27,-17.12832238907354,31.734685219698957,-18.65360135067474,59.22996811378203
2002-07-28,-14.61660286968852,31.852267093913795,-16.381883670193403,60.10316301144571
2002-07-29,-15.154743856354854,32.570110549621745,-17.10552390621873,59.13014636592813
2002-07-30,-15.705302224107307,31.682891695106782,-17.114205988088344,58.786145445875235
2002-07-31,-16.329922606661043,32.294112906945635,-18.456240289104294,59.654634917950816
2002-08-01,-16.33656966476712,32.21053500725922,-20.268564973073016,59.6839005067796
2002-08-02,-17.03223560052919,31.599453975050043,-21.642092623143935,59.814375144375425
2002-08-03,-17.841359098039753,32.14805550127546,-21.117417993125862,62.37295544523983
2002-08-04,-19.091699306304257,32.13012635742585,-20.756487943350084,62.14450467854154
2002-08-05,-20.18523573991863,32.91876761583119,-19.374447149917472,62.25168942876966
2002-08-06,-18.30540879239707,32.75934649792103,-18.681906934049994,60.58621763434429
2002-08-07,-18.544862288163202,32.09808953797012,-18.342046239386864,60.693371862004376
2002-08-08,-18.821171650977526,29.602213502125124,-16.083746992596456,60.887680084231754
2002-08-09,-17.38279531358781,29.96866158080967,-15.884065855298811,60.60671305884121
2002-08-10,-16.71948328729216,30.418584263425625,-16.36601823755415,57.99030749255146
2002-08-11,-15.70019221027071,31.639598263098023,-15.361922487761356,58.2620814476293
2002-08-12,-13.704462040020232,30.730757913373967,-16.801065495190898,58.537957730792094
2002-08-13,-12.456060103111586,30.359414784816572,-17.133364207997005,58.30732507556411
2002-08-14,-12.863089721014429,30.624877705421586,-16.32551629062238,60.81788757612523
2002-08-15,-12.823104870112967,31.654234370032665,-16.96510854214469,60.67501804081877
2002-08-16,-13.296733368605079,30.93603240908532,-15.076603883459955,59.6074735540569
2002-08-17,-12.745420663587614,31.327635129428042,-14.668546850029111,60.241400933802545
2002-08-18,-11.796682018340176,29.94011514417444,-16.533805419182112,60.56439515577038
2002-08-19,-12.504035426959437,28.31629602523678,-17.699409080246483,58.70453127448195
2002-08-20,-12.78098957688821,27.905728661070665,-17.84333330426967,57.90586381450157
2002-08-21,-11.56965087454089,27.73518812064231,-16.73483708268762,58.2652808894991
2002-08-22,-11.434277567728769,28.767187088163816,-17.801975886066458,57.931130861943544
2002-08-23,-11.335918531332009,29.35445648540992,-18.960886756950657,57.60716655205613
2002-08-24,-12.828944327885054,28.85498725645588,-20.892790312839054,58.04708824122087
2002-08-25,-11.39672207433509,26.230794244826363,-19.898499361570355,58.83103255110527
2002-08-26,-10.992866458248873,25.881516401896924,-20.8232392534439,60.41486811048072
2002-08-27,-11.60636496614039,25.163723540830677,-22.018571172358445,59.73351716219536
2002-08-28,-11.159829074545367,27.07666068374793,-20.489011597276047,59.21643548755729
2002-08-29,-11.40592366830687,26.32214317053826,-21.30243963989317,58.559726963967044
2002-08-30,-11.255857344922747,25.595415193250943,-22.746591912979095,58.42276724469408
2002-08-31,-12.336061391199223,25.29047349477166,-22.807999502620245,58.97388172943774
2002-09-01,-11.70722773087003,23.95641420591267,-22.302100928447402,59.758055688565754
2002-09-02,-11.428736314429733,24.104511307092185,-22.250470316040715,59.09132472284531
2002-09-03,-12.318200146538505,25.030107026041453,-21.73445197409321,60.64954556876363
2002-09-04,-11.278785194074237,25.480529756186986,-21.21528148685392,62.35969189072484
2002-09-05,-10.710324924911209,25.08853128536874,-22.05512061818949,61.63192624722794
2002-09-06,-13.25855761504418,26.303605513603728,-22.245336468817015,62.82574027270739
2002-09-07,-12.90877624793746,26.39816474182925,-23.18971490026821,64.16831919240492
2002-09-08,-12.358153234581678,25.787015969737837,-23.10699808431704,64.2925277320842
2002-09-09,-12.102984565101366,26.598549152439716,-21.64027968798709,63.66915347708159
2002-09-10,-11.460436816899156,25.825591949185867,-21.976449713287632,63.62838054306053
2002-09-11,-9.896533527650657,26.830901340784273,-21.29028595711222,64.01510230229809
2002-09-12,-8.820650594663714,28.146103892348883,-20.294105518237874,64.82665668319551
2002-09-13,-8.607590160915843,27.573809979536914,-21.598584791978908,64.73108526608019
2002-09-14,-8.39477179572127,27.662631030915165,-21.401928474260618,64.9681471768997
2002-09-15,-9.835494214583278,27.132021700471935,-22.583599401570545,67.59481622275953
2002-09-16,-10.257381867861731,26.50665167002119,-21.78128608525095,68.77408640337094
2002-09-17,-10.024607923495738,26.165767006570327,-21.76126300850244,69.27567732939393
2002-09-18,-9.437761104319666,27.335471137642813,-21.23100794946401,67.83761673767305
2002-09-19,-10.166133878742917,26.952994923687733,-19.692839435097504,67.05870700294268
2002-09-20,-10.439871655856157,26.809622505519062,-19.59310226812932,66.62680729238751
2002-09-21,-9.522193249074657,24.186165107241017,-19.72931470077243,65.39195311122243
2002-09-22,-9.059793563495743,24.42014194406959,-16.91966265929206,65.67783771114222
2002-09-23,-9.963971905940028,25.247821436246376,-18.73070465029055,64.96504151036686
2002-09-24,-9.810630277695129,26.421600782270502,-20.489698433290258,66.02508418660832
2002-09-25,-10.027049825321763,26.135363750246174,-19.496583522501247,65.48867620072323
2002-09-26,-9.810487170523482,26.783688886475925,-20.244260469266937,66.1213439942684
